date,open,close,high,low,volume,code
2015-06-30,2.143,2.571,2.571,2.143,460.0,002770
2015-07-01,2.829,2.829,2.829,2.829,120.0,002770
2015-07-02,3.113,3.113,3.113,3.113,342.0,002770
2015-07-03,3.423,3.423,3.423,3.423,2426.0,002770
2015-07-06,3.765,3.765,3.765,3.765,3328.0,002770
2015-07-07,4.14,3.658,4.14,3.655,414208.0,002770
2015-07-08,3.293,3.293,3.293,3.293,47000.0,002770
2015-07-09,3.024,3.621,3.621,3.024,212434.0,002770
2015-07-10,3.984,3.984,3.984,3.984,8314.0,002770
2015-07-13,4.383,4.383,4.383,4.383,55757.0,002770
2015-07-14,4.771,4.821,4.821,4.497,107688.0,002770
2015-07-15,5.081,4.823,5.303,4.563,413728.0,002770
2015-07-16,4.341,4.57,5.032,4.341,260959.0,002770
2015-07-17,4.589,4.881,5.001,4.427,215560.0,002770
2015-07-20,4.693,4.641,4.922,4.565,186280.0,002770
2015-07-21,4.511,5.105,5.105,4.401,194223.0,002770
2015-07-22,5.214,4.995,5.449,4.847,249199.0,002770
2015-07-23,4.922,5.496,5.496,4.902,168259.0,002770
2015-07-24,5.866,6.046,6.046,5.684,306589.0,002770
2015-07-27,5.918,5.83,6.596,5.697,370578.0,002770
2015-07-28,5.251,6.088,6.283,5.246,263381.0,002770
2015-07-29,6.179,6.698,6.698,5.866,236107.0,002770
2015-07-30,6.909,7.17,7.368,6.766,315935.0,002770
2015-07-31,7.013,7.887,7.887,6.784,330040.0,002770
2015-08-03,7.9,8.677,8.677,7.704,274685.0,002770
2015-08-04,9.112,7.955,9.545,7.809,406999.0,002770
2015-08-05,7.496,8.75,8.75,7.214,335554.0,002770
2015-08-06,8.75,9.383,9.595,7.952,383029.0,002770
2015-08-07,8.891,9.18,9.907,8.734,285808.0,002770
2015-08-10,8.906,9.086,9.503,8.669,283019.0,002770
2015-08-11,9.044,9.164,9.49,8.841,230856.0,002770
2015-08-12,8.865,8.338,9.073,8.333,208213.0,002770
2015-08-13,8.082,8.088,8.325,7.691,190873.0,002770
2015-08-14,8.082,7.996,8.262,7.824,162696.0,002770
2015-08-17,7.952,7.303,7.952,7.3,154516.0,002770
2015-08-18,7.248,7.59,7.939,6.938,200700.0,002770
2015-08-19,7.431,7.462,7.848,6.922,176841.0,002770
2015-08-20,7.217,6.716,7.269,6.716,123269.0,002770
2015-08-21,6.401,6.044,6.586,6.044,102151.0,002770
2015-08-24,5.493,5.439,5.699,5.439,29629.0,002770
2015-08-25,4.894,4.896,5.885,4.894,176277.0,002770
2015-08-26,5.032,5.387,5.387,4.771,252640.0,002770
2015-08-27,5.632,5.926,5.926,5.261,267885.0,002770
2015-08-28,5.926,6.127,6.427,5.652,231398.0,002770
2015-08-31,5.918,5.514,6.101,5.514,138157.0,002770
2015-09-01,5.214,4.964,5.397,4.964,112119.0,002770
2015-09-02,4.526,4.526,5.209,4.511,131160.0,002770
2015-09-07,4.67,4.743,4.98,4.615,117895.0,002770
2015-09-08,4.534,5.217,5.217,4.534,227571.0,002770
2015-09-09,5.603,5.739,5.739,5.475,271748.0,002770
2015-09-10,5.475,5.371,5.788,5.293,205707.0,002770
2015-09-11,5.254,5.499,5.606,5.241,145832.0,002770
2015-09-14,5.501,4.949,5.658,4.949,144938.0,002770
2015-09-15,4.693,4.508,5.006,4.471,122873.0,002770
2015-09-16,4.61,4.959,4.959,4.61,127238.0,002770
2015-09-17,5.246,4.912,5.287,4.878,198120.0,002770
2015-09-18,4.954,4.975,5.05,4.81,102662.0,002770
2015-09-21,4.826,5.29,5.29,4.81,127715.0,002770
2015-09-22,5.222,5.233,5.387,5.113,142422.0,002770
2015-09-23,5.11,5.397,5.592,5.081,167077.0,002770
2015-09-24,5.371,5.428,5.473,5.287,126196.0,002770
2015-09-25,5.392,4.954,5.428,4.902,107344.0,002770
2015-09-28,5.008,5.287,5.332,5.008,91592.0,002770
2015-09-29,5.162,5.074,5.212,5.008,73506.0,002770
2015-09-30,5.141,5.055,5.186,4.962,49427.0,002770
2015-10-08,5.254,5.347,5.501,5.165,102985.0,002770
2015-10-09,5.35,5.366,5.462,5.214,109692.0,002770
2015-10-12,5.423,5.739,5.892,5.373,155485.0,002770
2015-10-13,5.632,5.749,5.783,5.585,123498.0,002770
2015-10-14,5.736,5.673,6.044,5.658,128732.0,002770
2015-10-15,5.595,5.918,5.991,5.551,131815.0,002770
2015-10-16,5.947,5.879,5.989,5.759,126767.0,002770
2015-10-19,5.882,5.83,6.098,5.72,129343.0,002770
2015-10-20,5.793,5.874,5.892,5.658,99366.0,002770
2015-10-21,5.866,5.287,6.049,5.287,146501.0,002770
2015-10-22,5.287,5.475,5.553,5.152,102053.0,002770
2015-10-23,5.478,5.569,5.606,5.418,105769.0,002770
2015-10-26,5.647,5.712,5.864,5.569,114031.0,002770
2015-10-27,5.611,5.791,5.853,5.522,127462.0,002770
2015-10-28,5.788,5.585,5.838,5.53,92416.0,002770
2015-10-29,5.632,5.595,5.681,5.522,53910.0,002770
2015-10-30,5.864,6.156,6.156,5.736,158889.0,002770
2015-11-02,6.388,6.771,6.771,6.257,243566.0,002770
2015-12-08,7.449,7.449,7.449,7.449,3901.0,002770
2015-12-09,7.822,7.814,8.194,7.431,312994.0,002770
2015-12-10,7.475,7.157,7.574,7.032,209028.0,002770
2015-12-11,7.013,6.907,7.149,6.656,161842.0,002770
2015-12-14,6.695,6.86,6.943,6.633,95827.0,002770
2015-12-15,6.844,6.893,7.092,6.8,96096.0,002770
2015-12-16,6.922,7.154,7.259,6.781,140857.0,002770
2015-12-17,7.232,7.869,7.869,7.232,180957.0,002770
2015-12-18,7.952,7.483,8.161,7.444,185579.0,002770
2015-12-21,7.3,7.498,7.665,7.222,106133.0,002770
2015-12-22,7.459,7.545,7.683,7.318,97172.0,002770
2015-12-23,7.535,7.363,7.626,7.3,93585.0,002770
2015-12-24,7.248,7.219,7.35,7.068,76094.0,002770
2015-12-25,7.222,7.509,7.665,7.222,94591.0,002770
2015-12-28,7.587,7.274,7.712,7.274,97443.0,002770
2015-12-29,7.212,7.352,7.389,7.212,50383.0,002770
2015-12-30,7.381,7.376,7.454,7.222,57225.0,002770
2015-12-31,7.326,7.17,7.399,7.092,54425.0,002770
2016-01-04,7.092,6.453,7.149,6.453,44684.0,002770
2016-01-05,5.934,6.07,6.382,5.809,77842.0,002770
2016-01-14,5.462,5.673,5.997,5.462,107578.0,002770
2016-01-15,5.475,5.105,5.548,5.105,95497.0,002770
2016-01-18,4.855,5.087,5.196,4.829,65087.0,002770
2016-01-19,5.027,5.311,5.376,4.977,69605.0,002770
2016-01-20,5.235,5.269,5.439,5.214,67248.0,002770
2016-01-21,5.11,5.267,5.579,5.11,92989.0,002770
2016-01-22,5.324,5.337,5.449,5.165,58685.0,002770
2016-01-25,5.358,5.298,5.423,5.214,47135.0,002770
2016-01-26,5.233,4.769,5.277,4.769,60268.0,002770
2016-01-27,4.758,4.503,4.758,4.302,60340.0,002770
2016-01-28,4.406,4.052,4.456,4.052,51372.0,002770
2016-01-29,3.937,4.336,4.435,3.937,54025.0,002770
2016-02-01,4.349,4.435,4.438,4.192,50216.0,002770
2016-02-02,4.745,4.878,4.878,4.706,24116.0,002770
2016-02-03,5.162,5.363,5.363,4.881,121760.0,002770
2016-02-04,5.214,5.569,5.843,5.168,118395.0,002770
2016-02-05,5.527,5.347,5.553,5.345,71943.0,002770
2016-02-15,5.16,5.366,5.488,5.045,50607.0,002770
2016-02-16,5.394,5.522,5.647,5.368,61128.0,002770
2016-02-17,5.488,5.553,5.577,5.345,64083.0,002770
2016-02-18,5.556,5.697,5.918,5.556,82179.0,002770
2016-02-19,5.632,5.702,5.767,5.632,48591.0,002770
2016-02-22,5.827,5.879,5.989,5.814,56532.0,002770
2016-02-23,5.866,5.71,5.871,5.606,49945.0,002770
2016-02-24,5.697,5.785,5.814,5.556,44749.0,002770
2016-02-25,5.785,5.207,5.785,5.207,52713.0,002770
2016-02-26,5.246,5.058,5.29,4.946,41346.0,002770
2016-02-29,5.097,4.633,5.1,4.563,44469.0,002770
2016-03-01,4.683,5.055,5.055,4.664,48974.0,002770
2016-03-02,5.131,5.47,5.525,5.058,69731.0,002770
2016-03-03,5.446,5.431,5.54,5.308,70326.0,002770
2016-03-04,5.423,5.081,5.47,4.975,59545.0,002770
2016-03-07,5.089,5.23,5.306,5.089,37327.0,002770
2016-03-08,5.212,5.238,5.251,4.902,40156.0,002770
2016-03-09,5.126,5.097,5.227,5.063,28520.0,002770
2016-03-10,5.131,5.016,5.183,5.006,26728.0,002770
2016-03-11,4.98,5.019,5.081,4.922,25179.0,002770
2016-03-14,5.084,5.28,5.373,5.084,45083.0,002770
2016-03-15,5.238,5.173,5.293,5.131,29715.0,002770
2016-03-16,5.256,5.141,5.272,5.097,27194.0,002770
2016-03-17,5.17,5.368,5.371,5.152,51388.0,002770
2016-03-18,5.371,5.574,5.652,5.371,66215.0,002770
2016-03-21,5.652,5.723,5.736,5.574,65100.0,002770
2016-03-22,5.679,6.096,6.255,5.632,96262.0,002770
2016-03-23,6.093,6.706,6.706,6.049,149177.0,002770
2016-03-24,6.774,7.034,7.167,6.643,179890.0,002770
2016-03-25,6.914,6.562,7.084,6.44,123720.0,002770
2016-03-28,6.518,6.364,6.622,6.325,94994.0,002770
2016-03-29,6.419,6.565,6.583,6.268,82940.0,002770
2016-03-30,6.643,7.222,7.222,6.57,139660.0,002770
2016-03-31,7.303,7.039,7.397,6.956,135550.0,002770
2016-04-01,6.951,7.128,7.269,6.946,103060.0,002770
2016-04-05,7.039,7.561,7.811,6.987,124376.0,002770
2016-04-06,7.418,7.584,7.704,7.35,112918.0,002770
2016-04-07,7.626,7.274,7.626,7.274,88992.0,002770
2016-04-08,7.222,7.037,7.222,6.761,89638.0,002770
2016-04-11,6.98,7.102,7.245,6.98,73850.0,002770
2016-04-12,7.006,6.701,7.006,6.565,100954.0,002770
2016-04-13,6.747,6.766,6.933,6.688,68792.0,002770
2016-04-14,6.875,7.039,7.086,6.768,68487.0,002770
2016-04-15,7.008,7.037,7.092,6.93,59001.0,002770
2016-04-18,6.935,6.844,6.938,6.805,42664.0,002770
2016-04-19,6.922,6.745,6.948,6.651,49529.0,002770
2016-04-20,6.729,6.349,6.826,6.153,77062.0,002770
2016-04-21,6.296,6.179,6.39,6.179,39909.0,002770
2016-04-22,6.278,6.646,6.719,6.231,67019.0,002770
2016-04-25,6.549,6.549,6.638,6.315,42954.0,002770
2016-04-26,6.594,6.646,6.753,6.544,44149.0,002770
2016-04-27,6.711,6.487,6.734,6.466,46875.0,002770
2016-04-28,6.487,6.531,6.57,6.343,44559.0,002770
2016-04-29,6.521,6.609,7.127,6.515,172823.0,002770
2016-05-03,6.531,6.866,7.043,6.27,220550.0,002770
2016-05-04,6.792,6.949,7.027,6.688,216298.0,002770
2016-05-05,6.871,7.644,7.644,6.792,406387.0,002770
2016-05-06,7.733,7.858,8.407,7.607,643438.0,002770
2016-05-09,7.717,7.075,7.78,7.075,346616.0,002770
2016-05-10,6.892,6.855,7.075,6.751,233335.0,002770
2016-05-11,6.949,7.163,7.513,6.792,323813.0,002770
2016-05-12,6.85,6.771,6.886,6.448,226886.0,002770
2016-05-13,6.766,6.589,6.933,6.479,167598.0,002770
2016-05-16,6.557,6.704,6.766,6.369,135230.0,002770
2016-05-17,6.651,6.866,6.866,6.557,165808.0,002770
2016-05-18,6.756,6.432,6.756,6.259,148315.0,002770
2016-05-19,6.359,6.421,6.609,6.348,113041.0,002770
2016-05-20,6.312,6.348,6.395,6.176,109651.0,002770
2016-05-23,6.374,6.484,6.583,6.364,122350.0,002770
2016-05-24,6.479,6.333,6.552,6.286,94785.0,002770
2016-05-25,6.4,6.239,6.442,6.192,92218.0,002770
2016-05-26,6.165,6.165,6.233,5.894,122059.0,002770
2016-05-27,6.171,6.228,6.301,6.139,98982.0,002770
2016-05-30,6.192,6.066,6.202,6.009,71958.0,002770
2016-05-31,6.113,6.338,6.348,6.108,128940.0,002770
2016-06-01,6.348,6.526,6.609,6.327,172749.0,002770
2016-06-02,6.505,6.834,6.98,6.432,215002.0,002770
2016-06-03,6.845,7.059,7.106,6.792,269661.0,002770
2016-06-06,7.043,6.892,7.043,6.803,153308.0,002770
2016-06-07,6.839,6.886,6.975,6.813,114276.0,002770
2016-06-08,6.881,6.714,6.907,6.693,109131.0,002770
2016-06-13,6.542,6.15,6.557,6.118,135294.0,002770
2016-06-14,6.144,6.16,6.249,6.009,75176.0,002770
2016-06-15,6.082,6.359,6.421,6.009,94540.0,002770
2016-06-16,6.364,6.239,6.411,6.223,79999.0,002770
2016-06-17,6.27,6.291,6.416,6.228,75196.0,002770
2016-06-20,6.286,6.364,6.4,6.118,80549.0,002770
2016-06-21,6.374,6.427,6.526,6.338,126410.0,002770
2016-06-22,6.312,6.437,6.453,6.28,87065.0,002770
2016-06-23,6.421,6.306,6.421,6.27,73659.0,002770
2016-06-24,6.312,6.197,6.374,5.821,102049.0,002770
2016-06-27,6.113,6.27,6.312,6.019,74551.0,002770
2016-06-28,6.223,6.333,6.343,6.176,87796.0,002770
2016-06-29,6.333,6.4,6.531,6.333,118629.0,002770
2016-06-30,6.374,6.338,6.406,6.239,85522.0,002770
2016-07-01,6.327,6.306,6.416,6.275,64138.0,002770
2016-07-04,6.244,6.374,6.39,6.218,133134.0,002770
2016-07-05,6.374,6.38,6.395,6.317,86091.0,002770
2016-07-06,6.369,6.756,6.792,6.317,226816.0,002770
2016-07-07,6.677,6.609,6.73,6.51,165470.0,002770
2016-07-08,6.589,6.495,6.589,6.463,125596.0,002770
2016-07-11,6.458,6.474,6.542,6.39,160681.0,002770
2016-07-12,6.448,6.944,6.949,6.427,351701.0,002770
2016-07-13,7.054,6.787,7.122,6.745,251105.0,002770
2016-07-14,6.751,6.782,6.96,6.704,167395.0,002770
2016-07-15,6.808,6.845,6.954,6.709,148153.0,002770
2016-07-18,6.834,6.724,6.86,6.672,92153.0,002770
2016-07-19,6.704,6.688,6.719,6.552,99433.0,002770
2016-07-20,6.667,6.688,6.813,6.662,85912.0,002770
2016-07-21,6.677,6.662,6.745,6.636,75955.0,002770
2016-07-22,6.662,6.589,6.662,6.557,71139.0,002770
2016-07-25,6.536,6.536,6.625,6.521,51417.0,002770
2016-07-26,6.542,6.657,6.662,6.542,64280.0,002770
2016-07-27,6.688,6.202,6.688,6.113,132360.0,002770
2016-07-28,6.228,6.265,6.374,6.139,72595.0,002770
2016-07-29,6.218,6.202,6.296,6.192,38551.0,002770
2016-08-01,6.165,5.967,6.171,5.894,65075.0,002770
2016-08-02,5.962,5.998,6.024,5.935,33907.0,002770
2016-08-03,6.003,6.024,6.071,5.962,38226.0,002770
2016-08-04,6.014,6.071,6.087,5.998,39124.0,002770
2016-08-05,6.045,6.035,6.097,6.03,35746.0,002770
2016-08-08,5.998,6.077,6.077,5.894,37342.0,002770
2016-08-09,6.05,6.113,6.165,6.035,43566.0,002770
2016-08-10,6.134,6.066,6.16,6.066,37306.0,002770
2016-08-11,6.035,5.951,6.092,5.946,42750.0,002770
2016-08-12,5.935,6.003,6.019,5.935,33254.0,002770
2016-08-15,6.019,6.118,6.139,5.972,66337.0,002770
2016-08-16,6.129,6.165,6.186,6.124,64384.0,002770
2016-08-17,6.165,6.134,6.181,6.071,62185.0,002770
2016-08-18,6.139,6.118,6.197,6.097,55059.0,002770
2016-08-19,6.124,6.139,6.165,6.103,42103.0,002770
2016-08-22,6.16,6.103,6.254,6.097,69570.0,002770
2016-08-23,6.04,6.071,6.103,6.03,40695.0,002770
2016-08-24,6.071,6.15,6.165,6.04,41771.0,002770
2016-08-25,6.129,6.019,6.129,5.956,59902.0,002770
2016-08-26,6.03,6.071,6.092,6.019,36620.0,002770
2016-08-29,6.071,6.071,6.124,6.061,29654.0,002770
2016-08-30,6.066,6.092,6.108,6.045,40196.0,002770
2016-08-31,6.103,6.056,6.103,6.009,36283.0,002770
2016-09-01,6.019,6.03,6.071,6.019,29244.0,002770
2016-09-02,6.009,5.956,6.035,5.941,39989.0,002770
2016-09-05,5.967,5.972,6.03,5.956,29813.0,002770
2016-09-06,5.962,6.009,6.014,5.878,42155.0,002770
2016-09-07,6.003,6.05,6.129,5.993,72511.0,002770
2016-09-08,6.04,6.097,6.113,6.024,48739.0,002770
2016-09-09,6.103,6.019,6.113,5.998,45411.0,002770
2016-09-12,5.92,5.899,6.03,5.857,49352.0,002770
2016-09-13,5.925,5.93,5.977,5.878,31294.0,002770
2016-09-14,5.915,5.857,5.93,5.836,35717.0,002770
2016-09-19,5.826,5.894,5.92,5.826,27488.0,002770
2016-09-20,5.894,5.862,5.92,5.847,30647.0,002770
2016-09-21,5.878,5.888,5.899,5.847,18625.0,002770
2016-09-22,5.909,5.915,5.93,5.878,31510.0,002770
2016-09-23,5.941,6.061,6.176,5.878,96408.0,002770
2016-09-26,6.014,5.899,6.082,5.831,66142.0,002770
2016-09-27,5.878,5.909,5.915,5.852,30756.0,002770
2016-09-28,5.904,5.868,5.93,5.852,24020.0,002770
2016-09-29,5.878,5.873,5.899,5.857,22136.0,002770
2016-09-30,5.873,5.878,5.899,5.857,20587.0,002770
2016-10-10,5.888,5.972,5.998,5.888,48539.0,002770
2016-10-11,5.983,5.998,6.035,5.956,55409.0,002770
2016-10-12,5.998,5.993,5.998,5.941,39499.0,002770
2016-10-13,5.988,6.218,6.223,5.956,186382.0,002770
2016-10-14,6.207,6.171,6.322,6.097,105048.0,002770
2016-10-17,6.16,6.009,6.197,6.003,77406.0,002770
2016-10-18,6.019,6.082,6.092,5.993,49745.0,002770
2016-10-19,6.071,6.192,6.239,6.071,93990.0,002770
2016-10-20,6.192,6.27,6.348,6.113,109502.0,002770
2016-10-21,6.223,6.27,6.385,6.165,112251.0,002770
2016-10-24,6.306,6.254,6.385,6.228,92868.0,002770
2016-10-25,6.239,6.244,6.259,6.181,61430.0,002770
2016-10-26,6.239,6.233,6.312,6.186,61230.0,002770
2016-10-27,6.228,6.139,6.228,6.113,55384.0,002770
2016-10-28,6.144,6.207,6.317,6.108,93772.0,002770
2016-10-31,6.165,6.322,6.568,6.139,143578.0,002770
2016-11-01,6.359,6.427,6.458,6.286,125200.0,002770
2016-11-02,6.374,6.437,6.583,6.364,126899.0,002770
2016-11-03,6.39,6.374,6.474,6.301,106691.0,002770
2016-11-04,6.38,6.442,6.468,6.322,85474.0,002770
2016-11-07,6.427,6.385,6.453,6.374,50808.0,002770
2016-11-08,6.385,6.385,6.479,6.353,88486.0,002770
2016-11-09,6.39,6.547,6.709,6.374,228839.0,002770
2016-11-10,6.547,6.594,6.667,6.526,147699.0,002770
2016-11-11,6.583,6.562,6.609,6.489,86040.0,002770
2016-11-14,6.62,6.594,6.714,6.495,92872.0,002770
2016-11-15,6.583,6.667,6.709,6.583,101454.0,002770
2016-11-16,6.662,6.531,6.662,6.51,100398.0,002770
2016-11-17,6.531,6.526,6.594,6.489,66022.0,002770
2016-11-18,6.505,6.51,6.552,6.432,53210.0,002770
2016-11-21,6.489,6.526,6.536,6.453,44149.0,002770
2016-11-22,6.531,6.599,6.625,6.489,70919.0,002770
2016-11-23,6.604,6.453,6.625,6.432,64403.0,002770
2016-11-24,6.468,6.453,6.505,6.28,119471.0,002770
2016-11-25,6.395,6.421,6.453,6.275,52956.0,002770
2016-11-28,6.495,6.5,6.562,6.427,101458.0,002770
2016-11-29,6.5,6.51,6.662,6.458,123942.0,002770
2016-11-30,6.458,6.766,7.033,6.421,187110.0,002770
2016-12-01,6.724,6.745,6.803,6.657,140320.0,002770
2016-12-02,6.745,6.416,6.756,6.395,110427.0,002770
2016-12-05,6.286,6.5,6.557,6.286,68497.0,002770
2016-12-06,6.505,6.662,6.818,6.505,165586.0,002770
2016-12-07,6.667,6.636,6.766,6.536,113431.0,002770
2016-12-08,6.683,6.902,7.001,6.646,296410.0,002770
2016-12-09,6.834,6.792,6.939,6.745,211955.0,002770
2016-12-12,6.745,6.353,6.818,6.291,190578.0,002770
2016-12-13,6.327,6.448,6.463,6.259,92505.0,002770
2016-12-14,6.411,6.118,6.427,6.05,138815.0,002770
2016-12-15,6.019,6.061,6.176,5.946,96266.0,002770
2016-12-16,6.061,6.118,6.186,5.962,66313.0,002770
2016-12-19,6.087,6.218,6.228,6.087,61654.0,002770
2016-12-20,6.192,6.228,6.265,6.124,45126.0,002770
2016-12-21,6.202,6.254,6.359,6.202,72013.0,002770
2016-12-22,6.265,6.139,6.265,6.113,55730.0,002770
2016-12-23,6.134,5.956,6.139,5.915,74474.0,002770
2016-12-26,5.868,5.977,5.988,5.862,34650.0,002770
2016-12-27,6.03,6.139,6.249,5.956,95411.0,002770
2016-12-28,6.113,6.134,6.192,6.071,48853.0,002770
2016-12-29,6.087,6.003,6.087,5.977,57862.0,002770
2016-12-30,5.972,5.977,6.024,5.941,28987.0,002770
2017-01-03,6.003,6.118,6.139,5.972,50495.0,002770
2017-01-04,6.097,6.15,6.181,6.04,60308.0,002770
2017-01-05,6.134,6.155,6.254,6.113,54665.0,002770
2017-01-06,6.124,6.024,6.192,5.993,58401.0,002770
2017-01-09,6.061,6.192,6.202,6.03,82621.0,002770
2017-01-10,6.192,6.16,6.244,6.108,37750.0,002770
2017-01-11,6.118,6.129,6.254,6.118,50966.0,002770
2017-01-12,6.155,6.05,6.165,6.05,30457.0,002770
2017-01-13,6.045,5.946,6.092,5.946,32540.0,002770
2017-01-16,5.93,5.554,5.977,5.35,111489.0,002770
2017-01-17,5.591,5.632,5.653,5.423,47936.0,002770
2017-01-18,5.617,5.612,5.721,5.57,32871.0,002770
2017-01-19,5.57,5.544,5.653,5.538,18595.0,002770
2017-01-20,5.512,5.627,5.648,5.491,26628.0,002770
2017-01-23,5.627,5.664,5.7,5.606,20607.0,002770
2017-01-24,5.664,5.601,5.679,5.596,16575.0,002770
2017-01-25,5.632,5.648,5.695,5.585,21770.0,002770
2017-01-26,5.638,5.685,5.69,5.617,17139.0,002770
2017-02-03,5.7,5.659,5.716,5.601,12981.0,002770
2017-02-06,5.643,5.747,5.747,5.612,24306.0,002770
2017-02-07,5.747,5.721,5.779,5.69,19291.0,002770
2017-02-08,5.742,5.737,5.747,5.659,23200.0,002770
2017-02-09,5.737,5.747,5.8,5.737,28746.0,002770
2017-02-10,5.768,5.758,5.794,5.726,30740.0,002770
2017-02-13,5.768,5.857,5.92,5.726,45874.0,002770
2017-02-14,5.925,5.826,5.925,5.81,26716.0,002770
2017-02-15,5.805,5.747,5.878,5.737,33786.0,002770
2017-02-16,5.7,5.753,5.774,5.674,50916.0,002770
2017-02-17,5.747,5.664,5.747,5.648,29027.0,002770
2017-02-20,5.669,5.847,5.92,5.653,64703.0,002770
2017-02-21,5.81,5.831,5.888,5.789,48040.0,002770
2017-02-22,5.826,5.852,5.873,5.81,30172.0,002770
2017-02-23,5.862,5.826,5.868,5.805,23654.0,002770
2017-02-24,5.81,5.836,5.841,5.784,23099.0,002770
2017-02-27,5.831,5.763,5.841,5.763,35724.0,002770
2017-02-28,5.711,5.768,5.784,5.711,24865.0,002770
2017-03-01,5.747,5.8,5.841,5.742,45363.0,002770
2017-03-02,5.789,5.632,5.836,5.523,72031.0,002770
2017-03-03,5.632,5.653,5.69,5.544,41010.0,002770
2017-03-06,5.632,5.888,5.92,5.632,127638.0,002770
2017-03-07,5.862,6.374,6.479,5.831,406943.0,002770
2017-03-08,6.192,6.03,6.244,5.983,302015.0,002770
2017-03-09,6.056,6.04,6.165,5.972,188312.0,002770
2017-03-10,5.983,5.962,6.03,5.904,105165.0,002770
2017-03-13,5.935,5.946,5.946,5.831,77983.0,002770
2017-03-14,5.946,5.888,6.03,5.878,79718.0,002770
2017-03-15,5.852,5.852,5.915,5.836,55577.0,002770
2017-03-16,5.857,5.909,5.925,5.841,70795.0,002770
2017-03-17,5.904,5.8,5.941,5.8,70077.0,002770
2017-03-20,5.81,5.784,5.826,5.732,62384.0,002770
2017-03-21,5.784,5.831,5.873,5.758,54374.0,002770
2017-03-22,5.789,5.758,5.821,5.737,51382.0,002770
2017-03-23,5.779,5.784,5.815,5.721,45464.0,002770
2017-03-24,5.774,5.753,5.805,5.726,48006.0,002770
2017-03-27,5.763,5.695,5.779,5.695,41895.0,002770
2017-03-28,5.674,5.7,5.758,5.674,26214.0,002770
2017-03-29,5.7,5.612,5.726,5.601,39321.0,002770
2017-03-30,5.591,5.35,5.622,5.329,78779.0,002770
2017-03-31,5.387,5.429,5.455,5.356,38644.0,002770
2017-04-05,5.439,5.523,5.528,5.439,35955.0,002770
2017-04-06,5.528,5.497,5.533,5.47,25484.0,002770
2017-04-07,5.486,5.523,5.554,5.45,53667.0,002770
2017-04-10,5.664,5.57,5.706,5.523,77999.0,002770
2017-04-11,5.58,5.643,5.653,5.538,48737.0,002770
2017-04-12,5.638,5.643,5.674,5.606,31776.0,002770
2017-04-13,5.622,5.659,5.706,5.58,44342.0,002770
2017-04-14,5.643,5.612,5.679,5.57,53243.0,002770
2017-04-17,5.622,5.612,5.643,5.538,35840.0,002770
2017-04-18,5.612,5.392,5.622,5.392,34647.0,002770
2017-04-19,5.397,5.47,5.643,5.251,56339.0,002770
2017-04-20,5.397,5.423,5.465,5.382,18428.0,002770
2017-04-21,5.397,5.397,5.444,5.382,14441.0,002770
2017-04-24,5.397,5.225,5.423,5.214,31011.0,002770
2017-04-25,5.199,5.23,5.288,5.199,19350.0,002770
2017-04-26,5.241,5.256,5.309,5.214,20264.0,002770
2017-04-27,5.261,5.293,5.298,5.183,30490.0,002770
2017-04-28,5.298,5.335,5.335,5.241,17277.0,002770
2017-05-02,5.34,5.34,5.408,5.335,21767.0,002770
2017-05-03,5.34,5.371,5.392,5.298,15381.0,002770
2017-05-04,5.356,5.371,5.403,5.314,19351.0,002770
2017-05-05,5.361,5.366,5.392,5.319,23746.0,002770
2017-05-08,5.329,5.371,5.392,5.282,27301.0,002770
2017-05-09,5.528,5.585,5.627,5.491,133651.0,002770
2017-05-10,5.491,5.465,5.559,5.319,88107.0,002770
2017-05-11,5.371,5.293,5.371,5.094,88939.0,002770
2017-05-12,5.23,5.298,5.309,5.209,34158.0,002770
2017-05-15,5.267,5.256,5.303,5.251,18462.0,002770
2017-05-16,5.261,5.293,5.298,5.147,38962.0,002770
2017-05-17,5.288,5.319,5.361,5.277,35237.0,002770
2017-05-18,5.303,5.251,5.335,5.241,31525.0,002770
2017-05-19,5.261,5.256,5.288,5.204,20152.0,002770
2017-05-22,5.261,5.131,5.272,5.115,23817.0,002770
2017-05-23,5.131,4.838,5.141,4.817,41680.0,002770
2017-05-24,4.833,4.943,4.985,4.76,34192.0,002770
2017-05-25,4.911,5.042,5.079,4.891,35375.0,002770
2017-05-26,5.084,5.141,5.147,5.073,27958.0,002770
2017-05-31,5.183,5.162,5.199,5.131,18826.0,002770
2017-06-01,5.1,4.922,5.141,4.917,20367.0,002770
2017-06-02,4.917,5.047,5.084,4.891,33737.0,002770
2017-06-05,5.063,5.147,5.188,5.047,28346.0,002770
2017-06-06,5.089,5.162,5.199,5.089,19013.0,002770
2017-06-07,5.173,5.288,5.288,5.136,39738.0,002770
2017-06-08,5.34,5.303,5.423,5.282,54060.0,002770
2017-06-09,5.309,5.314,5.319,5.251,24068.0,002770
2017-06-12,5.267,5.194,5.277,5.183,26063.0,002770
2017-06-13,5.209,5.335,5.356,5.183,32028.0,002770
2017-06-14,5.329,5.256,5.335,5.22,38979.0,002770
2017-06-15,5.246,5.306,5.395,5.246,90673.0,002770
2017-06-16,5.345,5.355,5.495,5.325,67267.0,002770
2017-06-19,5.315,5.315,5.365,5.256,60525.0,002770
2017-06-20,5.325,5.315,5.365,5.276,56989.0,002770
2017-06-21,5.315,5.226,5.335,5.186,70109.0,002770
2017-06-22,5.216,5.106,5.236,5.106,59886.0,002770
2017-06-23,5.087,5.186,5.236,5.057,80860.0,002770
2017-06-26,5.186,5.345,5.445,5.146,105357.0,002770
2017-06-27,5.325,5.355,5.405,5.256,96380.0,002770
2017-06-28,5.306,5.296,5.385,5.246,49515.0,002770
2017-06-29,5.345,5.246,5.345,5.226,61292.0,002770
2017-06-30,5.246,5.206,5.246,5.136,47036.0,002770
2017-07-03,5.206,5.315,5.345,5.176,75202.0,002770
2017-07-04,5.315,5.365,5.445,5.315,87197.0,002770
2017-07-05,5.365,5.405,5.425,5.325,75565.0,002770
2017-07-06,5.375,5.375,5.445,5.345,50088.0,002770
2017-07-07,5.385,5.395,5.445,5.355,64947.0,002770
2017-07-10,5.395,5.365,5.415,5.286,68213.0,002770
2017-07-11,5.415,5.286,5.415,5.276,66862.0,002770
2017-07-12,5.355,5.296,5.355,5.226,65714.0,002770
2017-07-13,5.286,5.296,5.296,5.246,41442.0,002770
2017-07-14,5.276,5.256,5.296,5.236,41322.0,002770
2017-07-17,5.226,4.997,5.246,4.977,82369.0,002770
2017-07-18,5.007,5.017,5.067,4.967,37158.0,002770
2017-07-19,5.007,5.037,5.077,4.967,75103.0,002770
2017-07-20,5.017,5.047,5.087,4.997,94554.0,002770
2017-07-21,5.027,4.977,5.057,4.977,62147.0,002770
2017-07-24,4.967,4.937,4.967,4.878,67476.0,002770
2017-07-25,4.927,4.977,4.977,4.887,48763.0,002770
2017-07-26,4.977,4.987,4.997,4.937,40046.0,002770
2017-07-27,4.977,5.017,5.047,4.927,53002.0,002770
2017-07-28,5.017,5.047,5.096,4.997,70532.0,002770
2017-07-31,5.027,5.027,5.047,4.987,62074.0,002770
2017-08-01,5.017,5.007,5.037,4.997,52326.0,002770
2017-08-02,5.007,4.967,5.027,4.967,46960.0,002770
2017-08-03,4.967,4.977,4.997,4.917,50590.0,002770
2017-08-04,4.957,4.957,4.997,4.937,41198.0,002770
2017-08-07,4.987,4.967,4.987,4.947,39702.0,002770
2017-08-08,4.977,4.957,4.987,4.927,41588.0,002770
2017-08-09,4.957,5.455,5.455,4.937,228899.0,002770
2017-08-10,5.525,5.306,5.525,5.296,458938.0,002770
2017-08-11,5.236,5.325,5.425,5.166,219447.0,002770
2017-08-14,5.276,5.355,5.455,5.206,172110.0,002770
2017-08-15,5.335,5.335,5.395,5.276,120795.0,002770
2017-08-16,5.306,5.335,5.355,5.276,86387.0,002770
2017-08-17,5.335,5.325,5.365,5.306,76787.0,002770
2017-08-18,5.325,5.246,5.325,5.236,81865.0,002770
2017-08-21,5.246,5.286,5.286,5.216,56549.0,002770
2017-08-22,5.276,5.226,5.276,5.206,60704.0,002770
2017-08-23,5.226,5.216,5.246,5.196,47917.0,002770
2017-08-24,5.216,5.226,5.236,5.136,62376.0,002770
2017-08-25,5.206,5.315,5.325,5.206,104301.0,002770
2017-08-28,5.315,5.395,5.425,5.286,120099.0,002770
2017-08-29,5.395,5.355,5.415,5.315,67400.0,002770
2017-08-30,5.365,5.385,5.475,5.325,92163.0,002770
2017-08-31,5.385,5.455,5.455,5.355,88323.0,002770
2017-09-01,5.455,5.475,5.475,5.395,91536.0,002770
2017-09-04,5.475,5.485,5.495,5.415,77988.0,002770
2017-09-05,5.475,5.495,5.495,5.395,92383.0,002770
2017-09-06,5.544,5.624,5.654,5.525,175600.0,002770
2017-09-07,5.584,5.634,5.704,5.544,124963.0,002770
2017-09-08,5.714,5.664,5.753,5.574,112747.0,002770
2017-09-11,5.773,5.704,5.773,5.644,141776.0,002770
2017-09-12,5.734,5.644,5.753,5.534,129215.0,002770
2017-09-13,5.644,5.654,5.734,5.495,112778.0,002770
2017-09-14,5.704,5.664,5.833,5.594,90036.0,002770
2017-09-15,5.664,5.614,5.664,5.544,62064.0,002770
2017-09-18,5.594,5.624,5.654,5.495,68378.0,002770
2017-09-19,5.634,5.654,5.773,5.564,83519.0,002770
2017-09-20,5.644,5.664,5.674,5.574,72556.0,002770
2017-09-21,5.654,5.574,5.763,5.574,47916.0,002770
2017-09-22,5.554,5.544,5.564,5.485,59152.0,002770
2017-09-25,5.534,5.405,5.554,5.405,37648.0,002770
2017-09-26,5.395,5.405,5.425,5.365,33076.0,002770
2017-09-27,5.415,5.445,5.485,5.405,32849.0,002770
2017-09-28,5.445,5.495,5.544,5.435,47630.0,002770
2017-09-29,5.495,5.624,5.644,5.495,75352.0,002770
2017-10-09,5.634,5.674,5.763,5.634,71815.0,002770
2017-10-10,5.724,5.684,5.724,5.664,67236.0,002770
2017-10-11,5.684,5.724,5.823,5.594,114214.0,002770
2017-10-12,5.674,5.644,5.714,5.634,58845.0,002770
2017-10-13,5.644,5.674,5.704,5.614,48371.0,002770
2017-10-16,5.684,5.544,5.694,5.544,46668.0,002770
2017-10-17,5.544,5.564,5.644,5.525,28457.0,002770
2017-10-18,5.564,5.644,5.753,5.554,70108.0,002770
2017-10-19,5.624,5.584,5.644,5.554,42082.0,002770
2017-10-20,5.594,5.674,5.694,5.574,57954.0,002770
2017-10-23,5.674,5.694,5.744,5.644,56244.0,002770
2017-10-24,5.684,5.664,5.734,5.624,48680.0,002770
2017-10-25,5.644,5.664,5.714,5.634,41099.0,002770
2017-10-26,5.664,5.813,5.823,5.604,162070.0,002770
2017-10-27,5.833,5.753,5.853,5.684,130112.0,002770
2017-10-30,5.724,5.525,5.724,5.525,93304.0,002770
2017-10-31,5.515,5.564,5.564,5.475,57077.0,002770
2017-11-01,5.554,5.863,6.072,5.534,238614.0,002770
2017-11-02,5.853,5.724,5.853,5.694,148787.0,002770
2017-11-03,5.714,5.793,5.803,5.584,113624.0,002770
2017-11-06,5.773,5.863,5.873,5.724,96301.0,002770
2017-11-07,5.833,5.893,5.982,5.813,128950.0,002770
2017-11-08,5.883,5.734,5.913,5.724,121013.0,002770
2017-11-09,5.744,5.773,5.783,5.694,65703.0,002770
2017-11-10,5.773,5.734,5.853,5.714,89541.0,002770
2017-11-13,5.704,5.644,5.704,5.614,93763.0,002770
2017-11-14,5.644,5.485,5.674,5.475,106123.0,002770
2017-11-15,5.495,5.425,5.525,5.405,92586.0,002770
2017-11-16,5.425,5.435,5.435,5.385,63629.0,002770
2017-11-17,5.435,5.027,5.435,4.997,134280.0,002770
2017-11-20,4.987,5.017,5.057,4.868,64366.0,002770
2017-11-21,5.017,4.987,5.027,4.967,39727.0,002770
2017-11-22,4.987,4.987,5.047,4.977,35583.0,002770
2017-11-23,4.977,4.897,5.027,4.858,49412.0,002770
2017-11-24,4.897,4.858,4.917,4.828,31915.0,002770
2017-11-27,4.858,4.818,4.858,4.778,33803.0,002770
2017-11-28,4.818,4.858,4.858,4.788,25269.0,002770
2017-11-29,4.858,4.887,4.937,4.798,38654.0,002770
2017-11-30,4.878,4.808,4.887,4.808,29850.0,002770
2017-12-01,4.808,4.878,4.897,4.808,37955.0,002770
2017-12-04,4.907,4.838,4.917,4.818,21758.0,002770
2017-12-05,4.858,4.977,4.977,4.798,74281.0,002770
2017-12-06,4.977,5.077,5.077,4.897,96154.0,002770
2017-12-07,5.037,4.967,5.077,4.957,56175.0,002770
2017-12-08,4.957,4.997,5.047,4.927,36307.0,002770
2017-12-11,4.997,5.007,5.037,4.987,28034.0,002770
2017-12-12,5.007,4.927,5.027,4.927,21657.0,002770
2017-12-13,4.917,4.907,4.937,4.878,25922.0,002770
2017-12-14,4.907,4.937,4.937,4.878,20249.0,002770
2017-12-15,4.947,4.917,4.947,4.907,14002.0,002770
2017-12-18,4.927,4.838,4.927,4.838,25148.0,002770
2017-12-19,4.848,4.868,4.897,4.838,15423.0,002770
2017-12-20,4.878,4.887,4.887,4.858,15368.0,002770
2017-12-21,4.887,4.858,4.887,4.808,15200.0,002770
2017-12-22,4.798,4.818,4.858,4.798,20792.0,002770
2017-12-25,4.818,4.778,4.858,4.748,29003.0,002770
2017-12-26,4.778,4.708,4.798,4.668,41068.0,002770
2017-12-27,4.718,4.519,4.728,4.499,65417.0,002770
2017-12-28,4.519,4.609,4.659,4.479,40197.0,002770
2017-12-29,4.579,4.639,4.659,4.549,22000.0,002770
2018-01-02,4.639,4.649,4.659,4.589,30921.0,002770
2018-01-03,4.649,4.718,4.728,4.619,40192.0,002770
2018-01-04,4.728,4.788,4.798,4.688,37574.0,002770
2018-01-05,4.768,4.758,4.788,4.728,32942.0,002770
2018-01-08,4.768,4.738,4.778,4.718,27816.0,002770
2018-01-09,4.718,4.728,4.778,4.718,28150.0,002770
2018-01-10,4.718,4.708,4.768,4.639,30724.0,002770
2018-01-11,4.659,4.678,4.708,4.629,25371.0,002770
2018-01-12,4.688,4.589,4.708,4.569,43930.0,002770
2018-01-15,4.579,4.509,4.589,4.489,31017.0,002770
2018-01-16,4.479,4.539,4.659,4.459,52961.0,002770
2018-01-17,4.519,4.549,4.549,4.459,78011.0,002770
2018-01-18,4.579,4.559,4.639,4.519,105026.0,002770
2018-01-19,4.549,4.529,4.569,4.509,54050.0,002770
2018-01-22,4.519,4.559,4.579,4.469,51647.0,002770
2018-01-23,4.529,4.569,4.589,4.519,51116.0,002770
2018-01-24,4.569,4.579,4.579,4.519,54195.0,002770
2018-01-25,4.559,4.589,4.599,4.549,50699.0,002770
2018-01-26,4.569,4.529,4.579,4.529,35967.0,002770
2018-01-29,4.539,4.459,4.559,4.459,49232.0,002770
2018-01-30,4.459,4.489,4.499,4.449,27039.0,002770
2018-01-31,4.479,4.38,4.519,4.36,62545.0,002770
2018-02-01,4.37,4.091,4.4,4.081,75585.0,002770
2018-02-02,4.071,4.061,4.121,3.972,38007.0,002770
2018-02-05,4.071,4.041,4.101,4.021,32294.0,002770
2018-02-06,4.012,3.962,4.012,3.812,53855.0,002770
2018-02-07,3.982,4.34,4.34,3.862,69473.0,002770
2018-02-08,4.161,4.221,4.27,4.101,59005.0,002770
2018-02-09,4.25,4.101,4.25,4.071,58674.0,002770
2018-02-12,4.151,4.141,4.171,4.091,54747.0,002770
2018-02-13,4.151,4.121,4.161,4.091,40290.0,002770
2018-02-14,4.211,4.141,4.211,4.091,27493.0,002770
2018-02-22,4.28,4.181,4.28,4.151,34917.0,002770
2018-02-23,4.211,4.191,4.221,4.161,26910.0,002770
2018-02-26,4.24,4.29,4.29,4.191,57944.0,002770
2018-06-28,3.86,3.99,4.0,3.86,292451.0,002770
2018-06-29,3.85,3.88,4.09,3.77,158379.0,002770
2018-07-02,3.93,3.71,3.96,3.71,93116.0,002770
2018-07-03,3.71,3.54,3.71,3.42,146821.0,002770
2018-07-04,3.51,3.32,3.51,3.32,115000.0,002770
2018-07-05,3.35,3.03,3.35,2.99,279982.0,002770
2018-07-06,2.95,3.03,3.09,2.78,223782.0,002770
2018-07-09,2.96,3.0,3.02,2.93,126796.0,002770
2018-07-10,2.98,3.01,3.05,2.97,80368.0,002770
2018-07-11,2.98,2.86,2.98,2.8,140728.0,002770
2018-07-12,2.86,2.95,3.01,2.86,145586.0,002770
2018-07-13,2.97,3.25,3.25,2.92,199327.0,002770
2018-07-16,3.27,3.58,3.58,3.2,357825.0,002770
2018-07-17,3.65,3.71,3.87,3.51,483302.0,002770
